"Timestamp","How do you feel overall about distance education?","Do you have access to a device for learning online?","What device do you use for distance learning?","How much time  do you spend each day on an average on distance education?","How helpful your school has been in offering you the resources to learn from home?","How effective has remote learning been for you?","Online education can be accessed from anywhere with a device & internet connection?","Online session should minimum 15 minutes break between every class?","How helpful are you teachers while studying online?","Do you enjoy learning remotely?"
"2021/09/11 4:52:55 am GMT-6","Average","Yes","Phone;Tablet","3 hours","Moderately helpful","slightly effective","No","Yes","Moderately helpful","No"
"2021/09/11 4:59:52 am GMT-6","Average","Yes","Phone","5 hours","Moderately helpful","Not at all effective","Yes","Yes","Moderately helpful","No, there are quite a few challenges"
"2021/09/11 5:57:10 am GMT-6","Poor","Yes","Phone;Laptop","3 hours","Moderately helpful","Moderately effective","Yes","Yes","Moderately helpful","No, there are quite a few challenges"
"2021/09/11 5:58:36 am GMT-6","Good","Yes","Phone;Laptop","3 hours","Very helpful","Very effective","Yes","Yes","Very helpful","Yes"
"2021/09/11 6:18:05 am GMT-6","Good","Yes","Laptop","5 hours","Moderately helpful","slightly effective","Yes","Yes","Very helpful","Yes, but I would like to change a few things"
"2021/09/11 6:23:44 am GMT-6","Average","Yes","Laptop","3 hours","Very helpful","Very effective","Maybe","Yes","Moderately helpful","Yes, but I would like to change a few things"
"2021/09/11 6:24:36 am GMT-6","Excellent","Yes","Desktop","7-10 hours","Extremely helpful","Very effective","Yes","Yes","Extremely helpful","Yes"
"2021/09/11 6:32:39 am GMT-6","Poor","Yes","Laptop","3 hours","Moderately helpful","Not at all effective","Maybe","Yes","Very helpful","No"
"2021/09/11 6:33:39 am GMT-6","Poor","yes,but it doesn't work well","Laptop","3 hours","Moderately helpful","Very effective","Maybe","Yes","Moderately helpful","Yes, but I would like to change a few things"
"2021/09/11 9:09:39 am GMT-6","Good","Yes","Phone","3 hours","Moderately helpful","slightly effective","Yes","Yes","Moderately helpful","Yes"
"2021/09/11 10:00:13 am GMT-6","Average","Yes","Phone;Tablet","5 hours","Very helpful","Very effective","Yes","Yes","Very helpful","Yes"
"2021/09/11 12:27:06 pm GMT-6","Excellent","Yes","Phone","3 hours","Slightly helpful","Very effective","Yes","Yes","Very helpful","Yes"
"2021/09/11 12:28:16 pm GMT-6","Good","yes,but it doesn't work well","Phone;Laptop","3 hours","Moderately helpful","Very effective","No","Yes","Moderately helpful","No, there are quite a few challenges"
"2021/09/11 12:30:18 pm GMT-6","Good","Yes","Phone;Tablet;Laptop;Desktop","3 hours","Slightly helpful","Very effective","Yes","Yes","Moderately helpful","Yes, but I would like to change a few things"
"2021/09/11 12:31:09 pm GMT-6","Average","Yes","Phone;Laptop","3 hours","Moderately helpful","Very effective","Yes","Yes","Moderately helpful","Yes"
"2021/09/11 12:32:33 pm GMT-6","Good","Yes","Laptop","3 hours","Very helpful","Very effective","Yes","Yes","Very helpful","Yes"
"2021/09/12 12:54:07 am GMT-6","Excellent","Yes","Phone","5 hours","Very helpful","Very effective","Yes","Yes","Very helpful","Yes"
"2021/09/12 1:29:56 am GMT-6","Excellent","Yes","Phone","7-10 hours","Extremely helpful","Very effective","Yes","Yes","Very helpful","No"
"2021/09/12 1:30:05 am GMT-6","Excellent","Yes","Desktop","7-10 hours","Moderately helpful","Very effective","Yes","Yes","Extremely helpful","Yes"
"2021/09/12 1:30:40 am GMT-6","Excellent","Yes","Desktop","7-10 hours","Extremely helpful","Very effective","Yes","Yes","Extremely helpful","Yes"
"2021/09/12 1:31:13 am GMT-6","Excellent","Yes","Desktop","7-10 hours","Extremely helpful","Moderately effective","Yes","Yes","Very helpful","Yes"
"2021/09/12 5:50:50 am GMT-6","Good","Yes","Phone","3 hours","Slightly helpful","slightly effective","Maybe","Yes","Moderately helpful","Yes"
"2021/09/12 5:52:16 am GMT-6","Good","Yes","Phone;Laptop","5 hours","Moderately helpful","slightly effective","Yes","Yes","Moderately helpful","Yes, but I would like to change a few things"
"2021/09/12 6:41:30 am GMT-6","Excellent","Yes","Phone;Tablet;Laptop;Desktop","3 hours","Slightly helpful","slightly effective","Maybe","Yes","Very helpful","Yes"
"2021/09/12 11:45:18 am GMT-6","Average","Yes","Phone;Laptop","5 hours","Very helpful","Very effective","Yes","Yes","Very helpful","Yes"